,name,rankall,name_type,rank_type,edu,limit_year,view_total
1,哲学,22,哲学类,1,本科,四年,53233
2,逻辑学,55,哲学类,2,本科,四年,23712
3,宗教学,706,哲学类,4,本科,四年,14406
4,伦理学,678,哲学类,3,本科,四年,17939
5,经济学,691,经济学类,12,本科,四年,15822
6,经济统计学,901,经济学类,15,本科,四年,5655
7,国民经济管理,58,经济学类,5,本科,四年,23660
8,资源与环境经济学,26,经济学类,4,本科,四年,47358
9,商务经济学,2,经济学类,1,本科,四年,404235
10,能源经济,84,经济学类,8,本科,四年,22314
11,财政学,16,财政学类,2,本科,四年,59507
12,税收学,964,财政学类,16,本科,四年,4575
13,金融学,738,金融学类,13,本科,四年,11845
14,金融工程,24,金融学类,3,本科,四年,50002
15,保险学,1043,金融学类,17,本科,四年,3591
16,投资学,145,金融学类,9,本科,四年,21346
17,金融数学,68,金融学类,7,本科,四年,23030
18,信用管理,682,金融学类,11,本科,四年,16887
19,经济与金融,60,金融学类,6,本科,四年,23452
20,精算学,1048,金融学类,18,本科,四年,3547
21,国际经济与贸易,870,经济与贸易类,14,本科,四年,6590
22,贸易经济,664,经济与贸易类,10,本科,四年,20024
23,法学,746,法学类,8,本科,四年,11397
24,知识产权,756,法学类,9,本科,四年,10845
25,监狱学,801,法学类,15,本科,四年,8726
26,政治学与行政学,1044,政治学类,25,本科,四年,3583
27,国际政治,789,政治学类,14,本科,四年,9272
28,外交学,828,政治学类,16,本科,四年,7733
29,国际事务与国际关系,911,政治学类,19,本科,四年,5437
30,政治学、经济学与哲学,131,政治学类,1,本科,四年,21446
31,哲学,22,哲学类,1,本科,四年,53233
32,逻辑学,55,哲学类,2,本科,四年,23712
33,宗教学,706,哲学类,4,本科,四年,14406
34,伦理学,678,哲学类,3,本科,四年,17939
35,经济学,691,经济学类,12,本科,四年,15822
36,经济统计学,901,经济学类,15,本科,四年,5655
37,国民经济管理,58,经济学类,5,本科,四年,23660
38,资源与环境经济学,26,经济学类,4,本科,四年,47358
39,商务经济学,2,经济学类,1,本科,四年,404235
40,能源经济,84,经济学类,8,本科,四年,22314
41,财政学,16,财政学类,2,本科,四年,59507
42,税收学,964,财政学类,16,本科,四年,4575
43,金融学,738,金融学类,13,本科,四年,11845
44,金融工程,24,金融学类,3,本科,四年,50002
45,保险学,1043,金融学类,17,本科,四年,3591
46,投资学,145,金融学类,9,本科,四年,21346
47,金融数学,68,金融学类,7,本科,四年,23030
48,信用管理,682,金融学类,11,本科,四年,16887
49,经济与金融,60,金融学类,6,本科,四年,23452
50,精算学,1048,金融学类,18,本科,四年,3547
51,国际经济与贸易,870,经济与贸易类,14,本科,四年,6590
52,贸易经济,664,经济与贸易类,10,本科,四年,20024
53,法学,746,法学类,8,本科,四年,11397
54,知识产权,756,法学类,9,本科,四年,10845
55,监狱学,801,法学类,15,本科,四年,8726
56,政治学与行政学,1044,政治学类,25,本科,四年,3583
57,国际政治,789,政治学类,14,本科,四年,9272
58,外交学,828,政治学类,16,本科,四年,7733
59,国际事务与国际关系,911,政治学类,19,本科,四年,5437
60,政治学、经济学与哲学,131,政治学类,1,本科,四年,21446
61,社会学,698,社会学类,6,本科,四年,15100
62,社会工作,1053,社会学类,26,本科,四年,3465
63,人类学,935,社会学类,21,本科,四年,5111
64,女性学,713,社会学类,7,本科,四年,13264
65,家政学,840,社会学类,17,本科,四年,7532
66,民族学,769,民族学类,11,本科,二年,10048
67,科学社会主义,1163,马克思主义理论类,31,本科,四年,2546
68,中国共产党历史,1161,马克思主义理论类,30,本科,四年,2560
69,思想政治教育,1060,马克思主义理论类,27,本科,四年,3402
70,治安学,913,公安学类,20,本科,四年,5424
71,侦查学,671,公安学类,5,本科,四年,18896
72,边防管理,1081,公安学类,29,本科,四年,3235
73,禁毒学,860,公安学类,18,本科,四年,6848
74,警犬技术,989,公安学类,23,本科,四年,4290
75,经济犯罪侦查,1023,公安学类,24,本科,四年,3885
76,边防指挥,1171,公安学类,32,本科,四年,2478
77,消防指挥,1074,公安学类,28,本科,四年,3278
78,警卫学,788,公安学类,13,本科,四年,9286
79,公安情报学,941,公安学类,22,本科,四年,4947
80,犯罪学,777,公安学类,12,本科,四年,9763
81,公安管理学,763,公安学类,10,本科,四年,10233
82,涉外警务,224,公安学类,3,本科,四年,20924
83,国内安全保卫,252,公安学类,4,本科,四年,20868
84,警务指挥与战术,210,公安学类,2,本科,四年,20980
85,教育学,806,教育学类,12,本科,四年,8484
86,科学教育,832,教育学类,13,本科,四年,7681
87,人文教育,689,教育学类,9,本科,四年,16242
88,教育技术学,1051,教育学类,15,本科,四年,3511
89,艺术教育,752,教育学类,11,本科,四年,10973
90,学前教育,48,教育学类,2,本科,四年,24520
91,小学教育,37,教育学类,1,本科,四年,28799
92,特殊教育,94,教育学类,3,本科,四年,22089
93,华文教育,700,教育学类,10,本科,四年,14970
94,教育康复学,1267,教育学类,17,本科,四年,520
95,体育教育,668,体育学类,8,本科,四年,19281
96,运动训练,871,体育学类,14,本科,四年,6553
97,社会体育指导与管理,119,体育学类,4,本科,四年,21661
98,武术与民族传统体育,151,体育学类,5,本科,四年,21283
99,运动人体科学,1117,体育学类,16,本科,四年,2885
100,运动康复,155,体育学类,6,本科,四年,21219
101,休闲体育,193,体育学类,7,本科,四年,21046
102,汉语言文学,41,中国语言文学类,3,本科,四年,26214
103,汉语言,90,中国语言文学类,12,本科,四年,22231
104,汉语国际教育,79,中国语言文学类,9,本科,四年,22477
105,中国少数民族语言文学,1036,中国语言文学类,44,本科,四年,3688
106,古典文献学,122,中国语言文学类,17,本科,四年,21592
107,应用语言学,701,中国语言文学类,33,本科,四年,14872
108,秘书学,118,中国语言文学类,16,本科,四年,21664
109,英语,38,外国语言文学类,2,本科,四年,27239
110,俄语,102,外国语言文学类,14,本科,四年,21935
111,德语,776,外国语言文学类,36,本科,四年,9819
112,法语,81,外国语言文学类,10,本科,四年,22379
113,西班牙语,774,外国语言文学类,35,本科,四年,9881
114,阿拉伯语,914,外国语言文学类,39,本科,四年,5418
115,日语,62,外国语言文学类,4,本科,四年,23348
116,波斯语,1045,外国语言文学类,45,本科,四年,3577
117,朝鲜语,942,外国语言文学类,40,本科,四年,4928
118,菲律宾语,1251,外国语言文学类,76,本科,四年,1318
119,梵语巴利语,945,外国语言文学类,41,本科,四年,4856
120,印度尼西亚语,1248,外国语言文学类,74,本科,四年,1408
121,印地语,1243,外国语言文学类,71,本科,四年,1454
122,柬埔寨语,1244,外国语言文学类,72,本科,四年,1434
123,老挝语,1233,外国语言文学类,68,本科,四年,1621
124,缅甸语,1211,外国语言文学类,62,本科,四年,1971
125,马来语,1246,外国语言文学类,73,本科,四年,1430
126,蒙古语,1240,外国语言文学类,70,本科,四年,1519
127,僧伽罗语,158,外国语言文学类,18,本科,四年,21170
128,泰语,1198,外国语言文学类,61,本科,四年,2129
129,乌尔都语,1250,外国语言文学类,75,本科,四年,1344
130,希伯来语,161,外国语言文学类,19,本科,四年,21155
131,越南语,1225,外国语言文学类,66,本科,四年,1763
132,豪萨语,1108,外国语言文学类,48,本科,四年,2979
133,斯瓦希里语,1239,外国语言文学类,69,本科,四年,1537
134,阿尔巴尼亚语,1189,外国语言文学类,60,本科,四年,2299
135,保加利亚语,1213,外国语言文学类,63,本科,四年,1961
136,波兰语,1159,外国语言文学类,55,本科,四年,2563
137,捷克语,1178,外国语言文学类,57,本科,四年,2408
138,斯洛伐克语,178,外国语言文学类,25,本科,四年,21078
139,罗马尼亚语,1226,外国语言文学类,67,本科,四年,1732
140,葡萄牙语,1145,外国语言文学类,51,本科,四年,2650
141,瑞典语,995,外国语言文学类,42,本科,四年,4168
142,塞尔维亚语,1221,外国语言文学类,65,本科,四年,1787
143,土耳其语,1149,外国语言文学类,53,本科,四年,2637
144,希腊语,172,外国语言文学类,21,本科,四年,21091
145,匈牙利语,1186,外国语言文学类,59,本科,四年,2319
146,意大利语,1168,外国语言文学类,56,本科,四年,2509
147,泰米尔语,1139,外国语言文学类,50,本科,四年,2707
148,普什图语,827,外国语言文学类,37,本科,四年,7749
149,世界语,30,外国语言文学类,1,本科,四年,35015
150,孟加拉语,1078,外国语言文学类,47,本科,四年,3244
151,尼泊尔语,1148,外国语言文学类,52,本科,四年,2639
152,克罗地亚语,1217,外国语言文学类,64,本科,四年,1897
153,荷兰语,1151,外国语言文学类,54,本科,四年,2616
154,芬兰语,1058,外国语言文学类,46,本科,四年,3423
155,乌克兰语,1184,外国语言文学类,58,本科,四年,2341
156,挪威语,1008,外国语言文学类,43,本科,四年,4057
157,丹麦语,1127,外国语言文学类,49,本科,四年,2797
158,冰岛语,872,外国语言文学类,38,本科,四年,6472
159,爱尔兰语,185,外国语言文学类,30,本科,四年,21067
160,拉脱维亚语,181,外国语言文学类,27,本科,四年,21071
161,立陶宛语,177,外国语言文学类,24,本科,四年,21080
162,斯洛文尼亚语,175,外国语言文学类,23,本科,四年,21081
163,爱沙尼亚语,183,外国语言文学类,28,本科,四年,21069
164,马耳他语,186,外国语言文学类,31,本科,四年,21067
165,哈萨克语,180,外国语言文学类,26,本科,四年,21076
166,乌兹别克语,184,外国语言文学类,29,本科,四年,21068
167,祖鲁语,173,外国语言文学类,22,本科,四年,21088
168,拉丁语,169,外国语言文学类,20,本科,四年,21114
169,翻译,72,外国语言文学类,7,本科,四年,22724
170,商务英语,78,外国语言文学类,8,本科,四年,22496
171,阿姆哈拉语,1297,外国语言文学类,78,本科,四年,88
172,吉尔吉斯语,1304,外国语言文学类,82,本科,四年,61
173,索马里语,1309,外国语言文学类,86,本科,四年,56
174,土库曼语,1300,外国语言文学类,80,本科,四年,73
175,加泰罗尼亚语,1306,外国语言文学类,84,本科,四年,59
176,约鲁巴语,1310,外国语言文学类,87,本科,四年,56
177,亚美尼亚语,1303,外国语言文学类,81,本科,四年,70
178,马达加斯加语,1305,外国语言文学类,83,本科,四年,60
179,格鲁吉亚语,1311,外国语言文学类,88,本科,四年,56
180,阿塞拜疆语,1307,外国语言文学类,85,本科,四年,58
181,阿非利卡语,1312,外国语言文学类,89,本科,四年,56
182,马其顿语,1299,外国语言文学类,79,本科,四年,83
183,塔吉克语,1296,外国语言文学类,77,本科,四年,91
184,新闻学,66,新闻传播学类,5,本科,四年,23275
185,广播电视学,87,新闻传播学类,11,本科,四年,22247
186,广告学,709,新闻传播学类,34,本科,四年,13908
187,传播学,96,新闻传播学类,13,本科,四年,22088
188,编辑出版学,108,新闻传播学类,15,本科,四年,21825
189,网络与新媒体,67,新闻传播学类,6,本科,四年,23094
190,数字出版,189,新闻传播学类,32,本科,四年,21059
191,历史学,52,历史学类,2,本科,四年,24066
192,世界史,112,历史学类,4,本科,四年,21754
193,考古学,36,历史学类,1,本科,四年,28988
194,文物与博物馆学,95,历史学类,3,本科,四年,22088
195,文物保护技术,684,历史学类,6,本科,四年,16801
196,外国语言与外国历史,190,历史学类,5,本科,四年,21054
197,文化遗产,1266,历史学类,7,本科,四年,646
198,数学与应用数学,42,数学类,2,本科,四年,26166
199,信息与计算科学,47,数学类,3,本科,四年,25387
200,数理基础科学,807,数学类,24,本科,四年,8439
201,物理学,51,物理学类,5,本科,四年,24263
202,应用物理学,676,物理学类,16,本科,四年,18074
203,核物理,813,物理学类,25,本科,四年,8277
204,声学,953,物理学类,34,本科,四年,4732
205,化学,63,化学类,7,本科,四年,23331
206,应用化学,687,化学类,17,本科,四年,16393
207,化学生物学,765,化学类,20,本科,四年,10188
208,分子科学与工程,874,化学类,28,本科,四年,6450
209,能源化学,1257,化学类,37,本科,四年,1199
210,天文学,767,天文学类,21,本科,四年,10143
211,地理科学,73,地理科学类,9,本科,四年,22704
212,自然地理与资源环境,101,地理科学类,13,本科,四年,21938
213,人文地理与城乡规划,88,地理科学类,10,本科,四年,22244
214,地理信息科学,99,地理科学类,12,本科,四年,22035
215,大气科学,922,大气科学类,31,本科,四年,5296
216,应用气象学,772,大气科学类,22,本科,四年,9915
217,海洋科学,909,海洋科学类,29,本科,四年,5529
218,海洋技术,983,海洋科学类,35,本科,四年,4331
219,海洋资源与环境,167,海洋科学类,14,本科,四年,21125
220,军事海洋学,783,海洋科学类,23,本科,四年,9445
221,地球物理学,856,地球物理学类,26,本科,四年,7017
222,空间科学与技术,938,地球物理学类,33,本科,四年,5047
223,地质学,761,地质学类,19,本科,四年,10548
224,地球化学,1144,地质学类,36,本科,四年,2655
225,地球信息科学与技术,858,地质学类,27,本科,四年,6868
226,古生物学,176,地质学类,15,本科,四年,21081
227,生物科学,57,生物科学类,6,本科,四年,23676
228,生物技术,70,生物科学类,8,本科,四年,22899
229,生物信息学,917,生物科学类,30,本科,四年,5351
230,生态学,925,生物科学类,32,本科,四年,5282
231,心理学,39,心理学类,1,本科,四年,26621
232,应用心理学,50,心理学类,4,本科,四年,24486
233,统计学,747,统计学类,18,本科,四年,11308
234,应用统计学,91,统计学类,11,本科,四年,22217
235,理论与应用力学,985,力学类,134,本科,四年,4330
236,工程力学,838,力学类,100,本科,四年,7542
237,机械工程,53,机械类,12,本科,四年,23920
238,机械设计制造及其自动化,10,机械类,4,本科,四年,118268
239,材料成型及控制工程,808,机械类,97,本科,四年,8438
240,机械电子工程,663,机械类,66,本科,四年,20205
241,工业设计,109,机械类,23,本科,四年,21824
242,过程装备与控制工程,781,机械类,87,本科,四年,9477
243,车辆工程,29,机械类,7,本科,四年,36425
244,汽车服务工程,754,机械类,79,本科,四年,10892
245,机械工艺技术,168,机械类,39,本科,四年,21115
246,微机电系统工程,61,机械类,15,本科,四年,23423
247,机电技术教育,1057,机械类,153,本科,四年,3427
248,汽车维修工程教育,1032,机械类,148,本科,四年,3727
249,测控技术与仪器,787,仪器类,90,本科,四年,9317
250,材料科学与工程,705,材料类,71,本科,四年,14672
251,材料物理,139,材料类,34,本科,四年,21371
252,材料化学,114,材料类,24,本科,四年,21715
253,冶金工程,932,材料类,124,本科,四年,5180
254,金属材料工程,798,材料类,94,本科,四年,8786
255,无机非金属材料工程,851,材料类,105,本科,四年,7150
256,高分子材料与工程,134,材料类,32,本科,四年,21421
257,复合材料与工程,904,材料类,118,本科,四年,5613
258,粉体材料科学与工程,1066,材料类,155,本科,四年,3361
259,宝石及材料工艺学,804,材料类,96,本科,四年,8619
260,焊接技术与工程,894,材料类,115,本科,四年,5782
261,功能材料,211,材料类,43,本科,四年,20980
262,纳米材料与技术,152,材料类,37,本科,四年,21227
263,新能源材料与器件,156,材料类,38,本科,四年,21217
264,材料设计科学与工程,1269,材料类,173,本科,四年,399
265,能源与动力工程,106,能源动力类,22,本科,四年,21853
266,新能源科学与工程,105,能源动力类,21,本科,四年,21854
267,能源与环境系统工程,844,能源动力类,103,本科,四年,7393
268,电气工程及其自动化,8,电气类,3,本科,四年,124301
269,智能电网信息工程,128,电气类,30,本科,四年,21469
270,光源与照明,715,电气类,73,本科,四年,13098
271,电气工程与智能控制,3,电气类,1,本科,四年,240714
272,电子信息工程,46,电子信息类,11,本科,四年,25584
273,电子科学与技术,692,电子信息类,68,本科,四年,15795
274,通信工程,56,电子信息类,13,本科,四年,23688
275,微电子科学与工程,124,电子信息类,27,本科,四年,21508
276,光电信息科学与工程,127,电子信息类,29,本科,四年,21475
277,信息工程,120,电子信息类,26,本科,四年,21633
278,广播电视工程,1026,电子信息类,146,本科,四年,3834
279,水声工程,243,电子信息类,46,本科,四年,20880
280,电子封装技术,232,电子信息类,44,本科,四年,20895
281,集成电路设计与集成系统,147,电子信息类,35,本科,四年,21321
282,医学信息工程,934,电子信息类,126,本科,四年,5141
283,电磁场与无线技术,1020,电子信息类,143,本科,四年,3923
284,电波传播与天线,305,电子信息类,58,本科,四年,20770
285,电子信息科学与技术,85,电子信息类,17,本科,四年,22306
286,电信工程及管理,943,电子信息类,128,本科,四年,4870
287,应用电子技术教育,1042,电子信息类,150,本科,四年,3595
288,自动化,32,自动化类,8,本科,四年,34918
289,轨道交通信号与控制,132,自动化类,31,本科,四年,21445
290,机器人工程,1229,自动化类,171,本科,四年,1663
291,计算机科学与技术,35,计算机类,9,本科,四年,30604
292,软件工程,40,计算机类,10,本科,四年,26413
293,网络工程,77,计算机类,16,本科,四年,22518
294,信息安全,699,计算机类,69,本科,四年,15079
295,物联网工程,59,计算机类,14,本科,四年,23463
296,数字媒体技术,724,计算机类,74,本科,四年,12736
297,智能科学与技术,744,计算机类,77,本科,四年,11429
298,空间信息与数字技术,884,计算机类,110,本科,四年,6089
299,电子与计算机工程,93,计算机类,18,本科,四年,22183
300,数据科学与大数据技术,1132,计算机类,161,本科,四年,2767
301,网络空间安全,1261,计算机类,172,本科,四年,1018
302,土木工程,11,土木类,5,本科,四年,94482
303,建筑环境与能源应用工程,125,土木类,28,本科,四年,21485
304,给排水科学与工程,780,土木类,86,本科,四年,9478
305,建筑电气与智能化,849,土木类,104,本科,四年,7198
306,城市地下空间工程,924,土木类,123,本科,四年,5286
307,道路桥梁与渡河工程,745,土木类,78,本科,四年,11417
308,铁道工程,1270,土木类,174,本科,四年,396
309,水利水电工程,794,水利类,92,本科,四年,8865
310,水文与水资源工程,1054,水利类,151,本科,四年,3440
311,港口航道与海岸工程,1025,水利类,145,本科,四年,3860
312,水务工程,1035,水利类,149,本科,4年,3693
313,水利科学与工程,1279,水利类,177,本科,四年,210
314,测绘工程,731,测绘类,76,本科,四年,12309
315,遥感科学与技术,891,测绘类,114,本科,四年,5801
316,导航工程,267,测绘类,50,本科,四年,20839
317,地理国情监测,301,测绘类,57,本科,四年,20773
318,地理空间信息工程,1278,测绘类,176,本科,四年,257
319,化学工程与工艺,771,化工与制药类,83,本科,四年,9980
320,制药工程,790,化工与制药类,91,本科,四年,9194
321,资源循环科学与工程,265,化工与制药类,49,本科,四年,20839
322,能源化学工程,201,化工与制药类,41,本科,四年,21015
323,化学工程与工业生物工程,933,化工与制药类,125,本科,四年,5161
324,地质工程,841,地质类,102,本科,四年,7504
325,勘查技术与工程,897,地质类,116,本科,四年,5704
326,资源勘查工程,877,地质类,109,本科,四年,6261
327,地下水科学与工程,991,地质类,136,本科,四年,4279
328,采矿工程,683,矿业类,67,本科,四年,16821
329,石油工程,704,矿业类,70,本科,四年,14801
330,矿物加工工程,997,矿业类,137,本科,四年,4154
331,油气储运工程,923,矿业类,122,本科,四年,5287
332,矿物资源工程,1093,矿业类,156,本科,四年,3083
333,海洋油气工程,314,矿业类,60,本科,四年,20764
334,纺织工程,1056,纺织类,152,本科,四年,3430
335,服装设计与工程,773,纺织类,84,本科,四年,9901
336,非织造材料与工程,1197,纺织类,169,本科,四年,2134
337,服装设计与工艺教育,890,纺织类,113,本科,四年,5816
338,轻化工程,1000,轻工类,138,本科,四年,4145
339,包装工程,990,轻工类,135,本科,四年,4279
340,印刷工程,1185,轻工类,167,本科,四年,2329
341,交通运输,785,交通运输类,89,本科,四年,9334
342,交通工程,779,交通运输类,85,本科,四年,9533
343,航海技术,1012,交通运输类,141,本科,四年,4037
344,轮机工程,766,交通运输类,82,本科,四年,10183
345,飞行技术,886,交通运输类,112,本科,四年,6020
346,交通设备与控制工程,235,交通运输类,45,本科,四年,20887
347,救助与打捞工程,383,交通运输类,64,本科,四年,20705
348,船舶电子电气工程,286,交通运输类,55,本科,四年,20800
349,船舶与海洋工程,910,海洋工程类,120,本科,四年,5493
350,海洋工程与技术,256,海洋工程类,47,本科,四年,20863
351,海洋资源开发技术,264,海洋工程类,48,本科,四年,20840
352,航空航天工程,6,航空航天类,2,本科,四年,144508
353,飞行器设计与工程,839,航空航天类,101,本科,四年,7533
354,飞行器制造工程,876,航空航天类,108,本科,四年,6290
355,飞行器动力工程,797,航空航天类,93,本科,四年,8833
356,飞行器环境与生命保障工程,1118,航空航天类,159,本科,四年,2884
357,飞行器质量与可靠性,332,航空航天类,63,本科,四年,20751
358,飞行器适航技术,272,航空航天类,52,本科,四年,20824
359,飞行器控制与信息工程,1274,航空航天类,175,本科,四年,302
360,武器系统与工程,946,兵器类,129,本科,四年,4855
361,武器发射工程,281,兵器类,53,本科,四年,20808
362,探测制导与控制技术,1113,兵器类,158,本科,四年,2918
363,弹药工程与爆炸技术,1031,兵器类,147,本科,四年,3735
364,特种能源技术与工程,287,兵器类,56,本科,四年,20796
365,装甲车辆工程,270,兵器类,51,本科,四年,20830
366,信息对抗技术,875,兵器类,107,本科,四年,6355
367,核工程与核技术,758,核工程类,81,本科,四年,10795
368,辐射防护与核安全,315,核工程类,61,本科,四年,20762
369,工程物理,885,核工程类,111,本科,四年,6058
370,核化工与核燃料工程,978,核工程类,133,本科,四年,4400
371,农业工程,1177,农业工程类,165,本科,四年,2412
372,农业机械化及其自动化,1022,农业工程类,144,本科,四年,3894
373,农业电气化,309,农业工程类,59,本科,四年,20768
374,农业建筑环境与能源工程,1131,农业工程类,160,本科,四年,2768
375,农业水利工程,1107,农业工程类,157,本科,四年,2980
376,森林工程,1201,林业工程类,170,本科,四年,2096
377,木材科学与工程,1065,林业工程类,154,本科,四年,3367
378,林产化工,950,林业工程类,130,本科,四年,4825
379,环境科学与工程,831,环境科学与工程类,98,本科,四年,7711
380,环境工程,100,环境科学与工程类,19,本科,四年,21981
381,环境科学,150,环境科学与工程类,36,本科,四年,21304
382,环境生态工程,203,环境科学与工程类,42,本科,四年,21007
383,环保设备工程,283,环境科学与工程类,54,本科,四年,20800
384,资源环境科学,940,环境科学与工程类,127,本科,四年,4953
385,水质科学与技术,1193,环境科学与工程类,168,本科,四年,2282
386,生物医学工程,712,生物医学工程类,72,本科,四年,13622
387,假肢矫形工程,1147,生物医学工程类,163,本科,四年,2643
388,食品科学与工程,755,食品科学与工程类,80,本科,四年,10849
389,食品质量与安全,784,食品科学与工程类,88,本科,四年,9370
390,粮食工程,1175,食品科学与工程类,164,本科,四年,2436
391,乳品工程,322,食品科学与工程类,62,本科,四年,20756
392,酿酒工程,1016,食品科学与工程类,142,本科,四年,3958
393,葡萄与葡萄酒工程,972,食品科学与工程类,132,本科,四年,4475
394,食品营养与检验教育,1007,食品科学与工程类,140,本科,四年,4069
395,烹饪与营养教育,799,食品科学与工程类,95,本科,四年,8751
396,建筑学,15,建筑类,6,本科,四年,60363
397,城乡规划,117,建筑类,25,本科,四年,21674
398,风景园林,725,建筑类,75,本科,四年,12723
399,历史建筑保护工程,1005,建筑类,139,本科,四年,4079
400,安全工程,835,安全科学与工程类,99,本科,四年,7596
401,生物工程,104,生物工程类,20,本科,四年,21880
402,生物制药,138,生物工程类,33,本科,四年,21382
403,刑事科学技术,921,公安技术类,121,本科,四年,5303
404,消防工程,906,公安技术类,119,本科,四年,5565
405,交通管理工程,900,公安技术类,117,本科,四年,5654
406,安全防范工程,1141,公安技术类,162,本科,四年,2673
407,公安视听技术,853,公安技术类,106,本科,四年,7089
408,抢险救援指挥与技术,436,公安技术类,65,本科,四年,20678
409,火灾勘查,961,公安技术类,131,本科,四年,4631
410,网络安全与执法,200,公安技术类,40,本科,四年,21018
411,核生化消防,1183,公安技术类,166,本科,四年,2346
412,海警舰艇指挥与技术,1286,公安技术类,178,本科,四年,123
413,农学,673,植物生产类,2,本科,四年,18788
414,园艺,697,植物生产类,3,本科,四年,15147
415,植物保护,843,植物生产类,6,本科,四年,7457
416,植物科学与技术,918,植物生产类,14,本科,四年,5346
417,种子科学与工程,948,植物生产类,16,本科,四年,4839
418,设施农业科学与工程,956,植物生产类,17,本科,四年,4680
419,茶学,866,植物生产类,10,本科,四年,6696
420,烟草,888,植物生产类,12,本科,四年,5926
421,应用生物科学,854,植物生产类,7,本科,四年,7083
422,农艺教育,992,植物生产类,20,本科,四年,4221
423,园艺教育,1069,植物生产类,23,本科,四年,3353
424,农业资源与环境,920,自然保护与环境生态类,15,本科,四年,5324
425,野生动物与自然保护区管理,857,自然保护与环境生态类,8,本科,四年,6894
426,水土保持与荒漠化防治,879,自然保护与环境生态类,11,本科,四年,6190
427,动物科学,862,动物生产类,9,本科,四年,6828
428,蚕学,1115,动物生产类,26,本科,四年,2901
429,蜂学,1140,动物生产类,27,本科,四年,2692
430,动物医学,728,动物医学类,4,本科,四年,12501
431,动物药学,962,动物医学类,18,本科,四年,4627
432,动植物检疫,1088,动物医学类,25,本科,四年,3140
433,林学,908,林学类,13,本科,四年,5532
434,园林,760,林学类,5,本科,四年,10703
435,森林保护,233,林学类,1,本科,四年,20892
436,水产养殖学,981,水产类,19,本科,四年,4358
437,海洋渔业科学与技术,1011,水产类,21,本科,四年,4044
438,水族科学与技术,1085,水产类,24,本科,四年,3177
439,水生动物医学,1283,水产类,28,本科,四年,156
440,草业科学,1040,草学类,22,本科,四年,3618
441,基础医学,14,基础医学类,4,本科,五年,60734
442,生物医学,1236,基础医学类,45,本科,四年,1593
443,生物医学科学,1262,基础医学类,47,本科,四年,980
444,临床医学,5,临床医学类,1,本科,五年,223112
445,麻醉学,21,临床医学类,7,本科,五年,56144
446,医学影像学,13,临床医学类,3,本科,五年,72647
447,眼视光医学,113,临床医学类,10,本科,四年,21733
448,精神医学,723,临床医学类,30,本科,五年,12763
449,放射医学,805,临床医学类,34,本科,四年,8470
450,儿科学,1259,临床医学类,46,本科,五年,1046
451,口腔医学,18,口腔医学类,5,本科,五年,58043
452,预防医学,665,公共卫生与预防医学类,26,本科,五年,19946
453,食品卫生与营养学,148,公共卫生与预防医学类,14,本科,四年,21314
454,妇幼保健医学,710,公共卫生与预防医学类,29,本科,四年,13819
455,卫生监督,245,公共卫生与预防医学类,19,本科,四年,20877
456,全球健康学,275,公共卫生与预防医学类,21,本科,四年,20821
457,中医学,20,中医学类,6,本科,五年,56602
458,针灸推拿学,782,中医学类,33,本科,五年,9448
459,藏医学,1098,中医学类,40,本科,五年,3068
460,蒙医学,1166,中医学类,43,本科,五年,2533
461,维医学,1075,中医学类,39,本科,五年,3262
462,壮医学,395,中医学类,25,本科,五年,20699
463,哈医学,370,中医学类,24,本科,五年,20713
464,傣医学,1293,中医学类,49,本科,四年,95
465,回医学,1287,中医学类,48,本科,四年,120
466,中西医临床医学,80,中西医结合类,9,本科,五年,22471
467,药学,33,药学类,8,本科,四年,33834
468,药物制剂,817,药学类,35,本科,四年,8119
469,临床药学,164,药学类,15,本科,五年,21150
470,药事管理,822,药学类,36,本科,四年,7887
471,药物分析,260,药学类,20,本科,四年,20851
472,药物化学,229,药学类,17,本科,四年,20916
473,海洋药学,1028,药学类,38,本科,四年,3764
474,中药学,695,中药学类,27,本科,四年,15381
475,中药资源与开发,1099,中药学类,41,本科,四年,3066
476,藏药学,1223,中药学类,44,本科,四年,1783
477,蒙药学,1128,中药学类,42,本科,四年,2795
478,中药制药,276,中药学类,22,本科,四年,20821
479,中草药栽培与鉴定,970,中药学类,37,本科,四年,4506
480,法医学,696,法医学类,28,本科,五年,15159
481,医学检验技术,121,医学技术类,11,本科,四年,21604
482,医学实验技术,227,医学技术类,16,本科,四年,20917
483,医学影像技术,136,医学技术类,12,本科,四年,21415
484,眼视光学,736,医学技术类,31,本科,四年,11897
485,康复治疗学,737,医学技术类,32,本科,四年,11835
486,口腔医学技术,137,医学技术类,13,本科,四年,21384
487,卫生检验与检疫,241,医学技术类,18,本科,四年,20880
488,听力与言语康复学,324,医学技术类,23,本科,四年,20754
489,护理学,9,护理学类,2,本科,四年,119583
490,管理科学,110,管理科学与工程类,14,本科,四年,21797
491,信息管理与信息系统,74,管理科学与工程类,10,本科,四年,22629
492,工程管理,43,管理科学与工程类,4,本科,四年,25913
493,房地产开发与管理,162,管理科学与工程类,18,本科,四年,21157
494,工程造价,27,管理科学与工程类,3,本科,四年,40975
495,保密管理,208,管理科学与工程类,20,本科,四年,20983
496,工商管理,12,工商管理类,1,本科,四年,77658
497,市场营销,19,工商管理类,2,本科,四年,57655
498,会计学,49,工商管理类,6,本科,四年,24512
499,财务管理,71,工商管理类,9,本科,四年,22794
500,国际商务,717,工商管理类,28,本科,四年,12920
501,人力资源管理,65,工商管理类,8,本科,四年,23285
502,审计学,44,工商管理类,5,本科,四年,25825
503,资产评估,859,工商管理类,37,本科,四年,6853
504,物业管理,905,工商管理类,40,本科,四年,5612
505,文化产业管理,123,工商管理类,16,本科,四年,21541
506,劳动关系,1059,工商管理类,45,本科,四年,3401
507,体育经济与管理,217,工商管理类,22,本科,四年,20943
508,财务会计教育,899,工商管理类,39,本科,四年,5667
509,市场营销教育,1049,工商管理类,44,本科,四年,3533
510,农林经济管理,979,农业经济管理类,42,本科,四年,4379
511,农村区域发展,999,农业经济管理类,43,本科,四年,4147
512,公共事业管理,126,公共管理类,17,本科,四年,21480
513,行政管理,98,公共管理类,13,本科,四年,22040
514,劳动与社会保障,726,公共管理类,29,本科,四年,12593
515,土地资源管理,892,公共管理类,38,本科,四年,5800
516,城市管理,824,公共管理类,36,本科,四年,7843
517,海关管理,209,公共管理类,21,本科,四年,20982
518,交通管理,221,公共管理类,23,本科,四年,20929
519,海事管理,1091,公共管理类,46,本科,四年,3104
520,公共关系学,753,公共管理类,33,本科,四年,10947
521,健康服务与管理,1271,公共管理类,47,本科,四年,386
522,图书馆学,764,图书情报与档案管理类,34,本科,四年,10230
523,档案学,741,图书情报与档案管理类,31,本科,四年,11623
524,信息资源管理,732,图书情报与档案管理类,30,本科,四年,12224
525,物流管理,86,物流管理与工程类,12,本科,四年,22298
526,物流工程,820,物流管理与工程类,35,本科,四年,7959
527,采购管理,317,物流管理与工程类,26,本科,四年,20762
528,工业工程,748,工业工程类,32,本科,四年,11268
529,标准化工程,292,工业工程类,25,本科,四年,20792
530,质量管理工程,269,工业工程类,24,本科,四年,20832
531,电子商务,54,电子商务类,7,本科,四年,23785
532,电子商务及法律,667,电子商务类,27,本科,四年,19511
533,旅游管理,82,旅游管理类,11,本科,四年,22364
534,酒店管理,115,旅游管理类,15,本科,四年,21699
535,会展经济与管理,202,旅游管理类,19,本科,四年,21009
536,旅游管理与服务教育,975,旅游管理类,41,本科,四年,4456
537,艺术史论,157,艺术学理论类,8,本科,四年,21171
538,音乐表演,742,音乐与舞蹈学类,21,本科,四年,11538
539,音乐学,694,音乐与舞蹈学类,17,本科,五年,15565
540,作曲与作曲技术理论,968,音乐与舞蹈学类,30,本科,五年,4532
541,舞蹈表演,171,音乐与舞蹈学类,9,本科,四年,21095
542,舞蹈学,980,音乐与舞蹈学类,31,本科,四年,4380
543,舞蹈编导,937,音乐与舞蹈学类,29,本科,四年,5059
544,表演,815,戏剧与影视学类,25,本科,四年,8225
545,戏剧学,1041,戏剧与影视学类,32,本科,四年,3596
546,电影学,196,戏剧与影视学类,11,本科,四年,21035
547,戏剧影视文学,861,戏剧与影视学类,27,本科,四年,6837
548,广播电视编导,686,戏剧与影视学类,16,本科,四年,16407
549,戏剧影视导演,218,戏剧与影视学类,13,本科,四年,20940
550,戏剧影视美术设计,803,戏剧与影视学类,24,本科,四年,8644
551,录音艺术,898,戏剧与影视学类,28,本科,四年,5676
552,播音与主持艺术,111,戏剧与影视学类,4,本科,四年,21786
553,动画,778,戏剧与影视学类,22,本科,四年,9634
554,影视摄影与制作,141,戏剧与影视学类,7,本科,四年,21371
555,美术学,740,美术学类,20,本科,四年,11667
556,绘画,837,美术学类,26,本科,四年,7577
557,雕塑,1089,美术学类,33,本科,四年,3121
558,摄影,718,美术学类,18,本科,四年,12900
559,书法学,796,美术学类,23,本科,四年,8840
560,中国画,329,美术学类,15,本科,四年,20755
561,实验艺术,1281,美术学类,36,本科,四年,184
562,跨媒体艺术,1277,美术学类,35,本科,四年,262
563,艺术设计学,34,设计学类,1,本科,四年,33742
564,视觉传达设计,89,设计学类,2,本科,四年,22240
565,环境设计,103,设计学类,3,本科,四年,21895
566,产品设计,135,设计学类,6,本科,四年,21423
567,服装与服饰设计,130,设计学类,5,本科,四年,21457
568,公共艺术,259,设计学类,14,本科,四年,20853
569,工艺美术,204,设计学类,12,本科,四年,21004
570,数字媒体艺术,729,设计学类,19,本科,四年,12459
571,艺术与科技,191,设计学类,10,本科,四年,21050
572,陶瓷艺术设计,1276,设计学类,34,本科,四年,291
573,作物生产技术,955,农业类,37,专科 ,三年,4688
574,种子生产与经营,966,农业类,38,专科 ,三年,4541
575,设施农业与装备,327,农业类,6,专科 ,三年,20753
576,现代农业技术,250,农业类,3,专科 ,三年,20872
577,休闲农业,261,农业类,4,专科 ,三年,20845
578,生态农业技术,295,农业类,5,专科 ,三年,20788
579,园艺技术,814,农业类,35,专科 ,三年,8256
580,植物保护与检疫技术,363,农业类,10,专科 ,三年,20716
581,茶树栽培与茶叶加工,378,农业类,11,专科 ,三年,20708
582,中草药栽培技术,1072,农业类,41,专科 ,三年,3330
583,烟草栽培与加工,347,农业类,9,专科 ,三年,20736
584,棉花加工与经营管理,528,农业类,21,专科 ,三年,20649
585,农产品加工与质量检测,419,农业类,13,专科 ,三年,20685
586,绿色食品生产与检验,330,农业类,8,专科 ,三年,20753
587,农资营销与服务,529,农业类,22,专科 ,三年,20649
588,农产品流通与管理,539,农业类,24,专科 ,三年,20648
589,农业装备应用技术,456,农业类,15,专科 ,三年,20669
590,农业经济管理,1046,农业类,40,专科 ,三年,3566
591,农村经营管理,328,农业类,7,专科 ,三年,20753
592,食用菌生产与加工,1282,农业类,51,专科 ,三年,179
593,林业技术,720,林业类,33,专科 ,三年,12833
594,园林技术,848,林业类,36,专科 ,三年,7227
595,森林资源保护,1146,林业类,44,专科 ,三年,2649
596,经济林培育与利用,576,林业类,28,专科 ,三年,20640
597,野生植物资源保护与利用,480,林业类,17,专科 ,三年,20662
598,野生动物资源保护与利用,457,林业类,16,专科 ,三年,20670
599,森林生态旅游,1027,林业类,39,专科 ,三年,3786
600,森林防火指挥与通讯,487,林业类,18,专科 ,三年,20659
601,自然保护区建设与管理,1134,林业类,43,专科 ,三年,2734
602,木材加工技术,1077,林业类,42,专科 ,三年,3255
603,林业调查与信息处理,598,林业类,31,专科 ,三年,20635
604,林业信息技术与管理,561,林业类,26,专科 ,三年,20643
605,木工设备应用技术,1313,林业类,53,专科 ,三年,53
606,畜牧兽医,215,畜牧业类,1,专科 ,三年,20955
607,动物医学,775,畜牧业类,34,专科 ,三年,9852
608,动物药学,396,畜牧业类,12,专科 ,三年,20699
609,动物防疫与检疫,1253,畜牧业类,50,专科 ,三年,1262
610,动物医学检验技术,433,畜牧业类,14,专科 ,三年,20680
611,宠物养护与驯导,248,畜牧业类,2,专科 ,三年,20876
612,实验动物技术,1164,畜牧业类,45,专科 ,三年,2547
613,饲料与动物营养,1242,畜牧业类,49,专科 ,三年,1476
614,特种动物养殖,1234,畜牧业类,47,专科 ,三年,1598
615,畜牧工程技术,514,畜牧业类,19,专科 ,三年,20652
616,蚕桑技术,1232,畜牧业类,46,专科 ,三年,1647
617,草业技术,551,畜牧业类,25,专科 ,三年,20645
618,养蜂与蜂产品加工,613,畜牧业类,32,专科 ,三年,20631
619,畜牧业经济管理,530,畜牧业类,23,专科 ,三年,20649
620,宠物临床诊疗技术,1284,畜牧业类,52,专科 ,三年,139
621,水产养殖技术,1241,渔业类,48,专科 ,三年,1496
622,海洋渔业技术,515,渔业类,20,专科 ,三年,20653
623,水族科学与技术,585,渔业类,30,专科 ,三年,20639
624,水生动物医学,569,渔业类,27,专科 ,三年,20642
625,渔业经济管理,577,渔业类,29,专科 ,三年,20640
626,国土资源调查与管理,205,资源勘查类,1,专科 ,三年,21002
627,地质调查与矿产普查,384,资源勘查类,6,专科 ,三年,20704
628,矿产地质与勘查,429,资源勘查类,12,专科 ,三年,20679
629,岩矿分析与鉴定,503,资源勘查类,22,专科 ,三年,20653
630,宝玉石鉴定与加工,262,资源勘查类,3,专科 ,三年,20844
631,煤田地质与勘查技术,1090,资源勘查类,51,专科 ,三年,3107
632,权籍信息化管理,1292,资源勘查类,68,专科 ,三年,98
633,工程地质勘查,1255,地质类,66,专科 ,三年,1258
634,水文与工程地质,1121,地质类,53,专科 ,三年,2849
635,钻探技术,1079,地质类,48,专科 ,三年,3244
636,矿山地质,675,地质类,40,专科 ,三年,18160
637,地球物理勘探技术,465,地质类,17,专科 ,三年,20666
638,地质灾害调查与防治,552,地质类,26,专科 ,三年,20644
639,环境地质工程,339,地质类,5,专科 ,三年,20743
640,岩土工程技术,1203,地质类,57,专科 ,三年,2086
641,工程测量技术,1096,测绘地理信息类,52,专科 ,三年,3073
642,摄影测量与遥感技术,1014,测绘地理信息类,45,专科 ,三年,4000
643,测绘工程技术,819,测绘地理信息类,43,专科 ,三年,7997
644,测绘地理信息技术,397,测绘地理信息类,9,专科 ,三年,20698
645,地籍测绘与土地管理,437,测绘地理信息类,13,专科 ,三年,20677
646,矿山测量,1208,测绘地理信息类,58,专科 ,三年,2043
647,测绘与地质工程技术,562,测绘地理信息类,27,专科 ,三年,20642
648,导航与位置服务,504,测绘地理信息类,23,专科 ,三年,20653
649,地图制图与数字传播技术,570,测绘地理信息类,29,专科 ,三年,20641
650,地理国情监测技术,594,测绘地理信息类,30,专科 ,三年,20635
651,国土测绘与规划,531,测绘地理信息类,24,专科 ,三年,20648
652,钻井技术,1157,石油与天然气类,55,专科 ,三年,2565
653,油气开采技术,1254,石油与天然气类,65,专科 ,三年,1261
654,油气储运技术,928,石油与天然气类,44,专科 ,三年,5192
655,油气地质勘探技术,633,石油与天然气类,34,专科 ,三年,20624
656,油田化学应用技术,1247,石油与天然气类,64,专科 ,三年,1416
657,石油工程技术,690,石油与天然气类,41,专科 ,三年,15868
658,煤矿开采技术,1086,煤炭类,50,专科 ,三年,3160
659,矿井建设,1224,煤炭类,60,专科 ,三年,1767
660,矿山机电技术,611,煤炭类,31,专科 ,三年,20631
661,矿井通风与安全,634,煤炭类,35,专科 ,三年,20624
662,综合机械化采煤,628,煤炭类,32,专科 ,三年,20626
663,选煤技术,1230,煤炭类,62,专科 ,三年,1661
664,煤炭深加工与利用,1245,煤炭类,63,专科 ,三年,1433
665,煤化分析与检验,635,煤炭类,36,专科 ,三年,20624
666,煤层气采输技术,651,煤炭类,38,专科 ,三年,20620
667,矿井运输与提升,1228,煤炭类,61,专科 ,三年,1677
668,金属与非金属矿开采技术,630,金属与非金属矿类,33,专科 ,三年,20625
669,矿物加工技术,1220,金属与非金属矿类,59,专科 ,三年,1805
670,矿业装备维护技术,644,金属与非金属矿类,37,专科 ,三年,20622
671,大气科学技术,1064,气象类,47,专科 ,三年,3369
672,大气探测技术,1084,气象类,49,专科 ,三年,3189
673,应用气象技术,1034,气象类,46,专科 ,三年,3694
674,防雷技术,1160,气象类,56,专科 ,三年,2562
675,环境监测与控制技术,258,环境保护类,2,专科 ,三年,20861
676,农村环境保护,466,环境保护类,18,专科 ,三年,20666
677,室内环境检测与控制技术,459,环境保护类,16,专科 ,三年,20667
678,环境工程技术,670,环境保护类,39,专科 ,三年,18975
679,环境信息技术,385,环境保护类,7,专科 ,三年,20704
680,核与辐射检测防护技术,563,环境保护类,28,专科 ,三年,20642
681,环境规划与管理,762,环境保护类,42,专科 ,三年,10310
682,环境评价与咨询服务,442,环境保护类,14,专科 ,三年,20675
683,污染修复与生态工程技术,387,环境保护类,8,专科 ,三年,20702
684,清洁生产与减排技术,476,环境保护类,20,专科 ,三年,20663
685,资源综合利用与管理技术,467,环境保护类,19,专科 ,三年,20666
686,水净化与安全技术,1290,环境保护类,67,专科 ,三年,111
687,安全健康与环保,414,安全类,10,专科 ,三年,20686
688,化工安全技术,532,安全类,25,专科 ,三年,20648
689,救援技术,1154,安全类,54,专科 ,三年,2601
690,安全技术与管理,312,安全类,4,专科 ,三年,20764
691,工程安全评价与监理,453,安全类,15,专科 ,三年,20670
692,安全生产监测监控,490,安全类,21,专科 ,三年,20657
693,职业卫生技术与管理,422,安全类,11,专科 ,三年,20681
694,发电厂及电力系统,881,电力技术类,41,专科 ,三年,6169
695,供用电技术,1137,电力技术类,43,专科 ,三年,2714
696,电力系统自动化技术,852,电力技术类,40,专科 ,三年,7098
697,高压输配电线路施工运行与维护,1181,电力技术类,45,专科 ,三年,2372
698,电力系统继电保护与自动化技术,333,电力技术类,2,专科 ,三年,20750
699,水电站机电设备与自动化,406,电力技术类,6,专科 ,三年,20692
700,电网监控技术,1256,电力技术类,49,专科 ,三年,1243
701,电力客户服务与管理,430,电力技术类,9,专科 ,三年,20680
702,水电站与电力网,423,电力技术类,8,专科 ,三年,20682
703,电源变换技术与应用,505,电力技术类,15,专科 ,三年,20654
704,农业电气化技术,523,电力技术类,18,专科 ,三年,20650
705,分布式发电与微电网技术,524,电力技术类,19,专科 ,三年,20650
706,机场电工技术,1285,电力技术类,50,专科 ,三年,126
707,电厂热能动力装置,1169,热能与发电工程类,44,专科 ,三年,2502
708,城市热能应用技术,1192,热能与发电工程类,46,专科 ,三年,2285
709,核电站动力设备运行与维护,410,热能与发电工程类,7,专科 ,三年,20690
710,火电厂集控运行,1204,热能与发电工程类,47,专科 ,三年,2085
711,电厂化学与环保技术,543,热能与发电工程类,22,专科 ,三年,20647
712,电厂热工自动化技术,488,热能与发电工程类,14,专科 ,三年,20659
713,风力发电工程技术,274,新能源发电工程类,1,专科 ,三年,20824
714,风电系统运行与维护,506,新能源发电工程类,16,专科 ,三年,20654
715,生物质能应用技术,389,新能源发电工程类,5,专科 ,三年,20701
716,光伏发电技术与应用,374,新能源发电工程类,4,专科 ,三年,20711
717,工业节能技术,440,新能源发电工程类,10,专科 ,三年,20677
718,节电技术与管理,574,新能源发电工程类,24,专科 ,三年,20641
719,太阳能光热技术与应用,451,新能源发电工程类,11,专科 ,三年,20673
720,农村能源与环境技术,1003,新能源发电工程类,42,专科 ,三年,4100
721,黑色冶金技术,478,黑色金属材料类,13,专科 ,三年,20663
722,轧钢工程技术,636,黑色金属材料类,34,专科 ,三年,20625
723,钢铁冶金设备应用技术,637,黑色金属材料类,35,专科 ,三年,20625
724,金属材料质量检测,600,黑色金属材料类,29,专科 ,三年,20634
725,铁矿资源综合利用,640,黑色金属材料类,36,专科 ,三年,20624
726,有色冶金技术,558,有色金属材料类,23,专科 ,三年,20644
727,有色冶金设备应用技术,652,有色金属材料类,37,专科 ,三年,20621
728,金属压力加工,658,有色金属材料类,38,专科 ,三年,20619
729,金属精密成型技术,619,有色金属材料类,32,专科 ,三年,20629
730,储能材料技术,1308,有色金属材料类,51,专科 ,三年,58
731,材料工程技术,1209,非金属材料类,48,专科 ,三年,2040
732,高分子材料工程技术,337,非金属材料类,3,专科 ,三年,20747
733,复合材料工程技术,468,非金属材料类,12,专科 ,三年,20667
734,非金属矿物材料技术,588,非金属材料类,28,专科 ,三年,20637
735,光伏材料制备技术,586,非金属材料类,26,专科 ,三年,20638
736,炭素加工技术,609,非金属材料类,30,专科 ,三年,20633
737,硅材料制备技术,581,非金属材料类,25,专科 ,三年,20639
738,橡胶工程技术,620,非金属材料类,33,专科 ,三年,20629
739,建筑材料工程技术,721,建筑材料类,39,专科 ,三年,12779
740,建筑材料检测技术,587,建筑材料类,27,专科 ,三年,20638
741,建筑装饰材料技术,521,建筑材料类,17,专科 ,三年,20651
742,建筑材料设备应用,616,建筑材料类,31,专科 ,三年,20630
743,新型建筑材料技术,533,建筑材料类,20,专科 ,三年,20649
744,建筑材料生产与管理,540,建筑材料类,21,专科 ,三年,20648
745,建筑设计,76,建筑设计类,2,专科 ,三年,22527
746,建筑装饰工程技术,951,建筑设计类,24,专科 ,三年,4780
747,古建筑工程技术,226,建筑设计类,9,专科 ,三年,20923
748,建筑室内设计,129,建筑设计类,4,专科 ,三年,21462
749,风景园林设计,179,建筑设计类,5,专科 ,三年,21079
750,园林工程技术,855,建筑设计类,21,专科 ,三年,7048
751,建筑动画与模型制作,263,建筑设计类,10,专科 ,三年,20840
752,城乡规划,198,城乡规划与管理类,7,专科 ,三年,21022
753,村镇建设与管理,362,城乡规划与管理类,16,专科 ,三年,20718
754,城市信息化管理,336,城乡规划与管理类,13,专科 ,三年,20747
755,建筑工程技术,116,土建施工类,3,专科 ,三年,21703
756,地下与隧道工程技术,289,土建施工类,12,专科 ,三年,20794
757,土木工程检测技术,197,土建施工类,6,专科 ,三年,21026
758,建筑钢结构工程技术,400,土建施工类,17,专科 ,三年,20697
759,建筑设备工程技术,889,建筑设备类,22,专科 ,三年,5866
760,供热通风与空调工程技术,1071,建筑设备类,29,专科 ,三年,3330
761,建筑电气工程技术,1100,建筑设备类,31,专科 ,三年,3061
762,建筑智能化工程技术,288,建筑设备类,11,专科 ,三年,20795
763,工业设备安装工程技术,1006,建筑设备类,26,专科 ,三年,4075
764,消防工程技术,919,建筑设备类,23,专科 ,三年,5342
765,建设工程管理,214,建设工程管理类,8,专科 ,三年,20956
766,工程造价,28,建设工程管理类,1,专科 ,三年,40619
767,建筑经济管理,1092,建设工程管理类,30,专科 ,三年,3093
768,建设项目信息化管理,431,建设工程管理类,18,专科 ,三年,20679
769,建设工程监理,352,建设工程管理类,14,专科 ,三年,20727
770,市政工程技术,1033,市政工程类,28,专科 ,三年,3714
771,城市燃气工程技术,971,市政工程类,25,专科 ,三年,4500
772,给排水工程技术,1010,市政工程类,27,专科 ,三年,4045
773,环境卫生工程技术,525,市政工程类,20,专科 ,三年,20649
774,房地产经营与管理,359,房地产类,15,专科 ,三年,20719
775,房地产检测与估价,472,房地产类,19,专科 ,三年,20664
776,物业管理,1190,房地产类,32,专科 ,三年,2298
777,水文与水资源工程,253,水文水资源类,1,专科 ,三年,20865
778,水文测报技术,496,水文水资源类,4,专科 ,三年,20656
779,水政水资源管理,1109,水文水资源类,14,专科 ,三年,2972
780,水利工程,1129,水利工程与管理类,15,专科 ,三年,2788
781,水利水电工程技术,279,水利工程与管理类,2,专科 ,三年,20813
782,水利水电工程管理,734,水利工程与管理类,11,专科 ,三年,12025
783,水利水电建筑工程,957,水利工程与管理类,12,专科 ,三年,4678
784,机电排灌工程技术,601,水利工程与管理类,8,专科 ,三年,20633
785,港口航道与治河工程,1260,水利工程与管理类,16,专科 ,三年,1031
786,水务管理,1063,水利工程与管理类,13,专科 ,三年,3381
787,水电站动力设备,497,水利水电设备类,5,专科 ,三年,20656
788,水电站电气设备,602,水利水电设备类,9,专科 ,三年,20633
789,水电站运行与管理,564,水利水电设备类,6,专科 ,三年,20642
790,水利机电设备运行与管理,603,水利水电设备类,10,专科 ,三年,20633
791,水土保持技术,575,水土保持与水环境类,7,专科 ,三年,20640
792,水环境监测与治理,417,水土保持与水环境类,3,专科 ,三年,20685
793,机械设计与制造,739,机械设计制造类,46,专科 ,三年,11757
794,机械制造与自动化,751,机械设计制造类,47,专科 ,三年,11018
795,数控技术,770,机械设计制造类,48,专科 ,三年,10012
796,精密机械技术,1080,机械设计制造类,59,专科 ,三年,3246
797,特种加工技术,356,机械设计制造类,11,专科 ,三年,20723
798,材料成型与控制技术,1180,机械设计制造类,62,专科 ,三年,2387
799,金属材料与热处理技术,823,机械设计制造类,50,专科 ,三年,7866
800,铸造技术,481,机械设计制造类,19,专科 ,三年,20662
801,锻压技术,612,机械设计制造类,33,专科 ,三年,20632
802,焊接技术与自动化,355,机械设计制造类,10,专科 ,三年,20725
803,机械产品检测检验技术,534,机械设计制造类,25,专科 ,三年,20649
804,理化测试与质检技术,491,机械设计制造类,21,专科 ,三年,20659
805,模具设计与制造,993,机械设计制造类,54,专科 ,三年,4214
806,电机与电器技术,412,机械设计制造类,16,专科 ,三年,20688
807,电线电缆制造技术,967,机械设计制造类,53,专科 ,三年,4540
808,内燃机制造与维修,1039,机械设计制造类,57,专科 ,三年,3627
809,机械装备制造技术,369,机械设计制造类,12,专科 ,三年,20714
810,工业设计,69,机械设计制造类,1,专科 ,三年,22944
811,工业工程技术,392,机械设计制造类,13,专科 ,三年,20701
812,自动化生产设备应用,1188,机电设备类,63,专科 ,三年,2304
813,机电设备安装技术,507,机电设备类,23,专科 ,三年,20654
814,机电设备维修与管理,1152,机电设备类,61,专科 ,三年,2606
815,数控设备应用与维护,1055,机电设备类,58,专科 ,三年,3435
816,制冷与空调技术,958,机电设备类,52,专科 ,三年,4677
817,光电制造与应用技术,571,机电设备类,30,专科 ,三年,20642
818,新能源装备技术,409,机电设备类,15,专科 ,三年,20692
819,机电一体化技术,143,自动化类,3,专科 ,三年,21352
820,电气自动化技术,929,自动化类,51,专科 ,三年,5193
821,工业过程自动化技术,452,自动化类,18,专科 ,三年,20672
822,智能控制技术,236,自动化类,7,专科 ,三年,20886
823,工业网络技术,1237,自动化类,65,专科 ,三年,1576
824,工业自动化仪表,589,自动化类,31,专科 ,三年,20637
825,液压与气动技术,1227,自动化类,64,专科 ,三年,1715
826,电梯工程技术,498,自动化类,22,专科 ,三年,20657
827,工业机器人技术,206,自动化类,5,专科 ,三年,21001
828,铁道机车车辆制造与维护,354,铁道装备类,9,专科 ,三年,20726
829,铁道通信信号设备制造与维护,415,铁道装备类,17,专科 ,三年,20687
830,铁道施工和养路机械制造与维护,559,铁道装备类,27,专科 ,三年,20644
831,船舶工程技术,792,船舶与海洋工程装备类,49,专科 ,三年,9027
832,船舶机械工程技术,560,船舶与海洋工程装备类,28,专科 ,三年,20644
833,船舶电气工程技术,614,船舶与海洋工程装备类,34,专科 ,三年,20631
834,船舶舾装工程技术,653,船舶与海洋工程装备类,41,专科 ,三年,20621
835,船舶涂装工程技术,660,船舶与海洋工程装备类,44,专科 ,三年,20617
836,游艇设计与制造,629,船舶与海洋工程装备类,39,专科 ,三年,20628
837,海洋工程技术,599,船舶与海洋工程装备类,32,专科 ,三年,20635
838,船舶通信与导航,654,船舶与海洋工程装备类,42,专科 ,三年,20621
839,船舶动力工程技术,621,船舶与海洋工程装备类,35,专科 ,三年,20629
840,飞行器制造技术,401,航空装备类,14,专科 ,三年,20696
841,飞行器维修技术,482,航空装备类,20,专科 ,三年,20662
842,航空发动机制造技术,516,航空装备类,24,专科 ,三年,20652
843,航空发动机装试技术,657,航空装备类,43,专科 ,三年,20621
844,航空发动机维修技术,535,航空装备类,26,专科 ,三年,20649
845,飞机机载设备制造技术,623,航空装备类,37,专科 ,三年,20628
846,飞机机载设备维修技术,565,航空装备类,29,专科 ,三年,20643
847,航空电子电气技术,1024,航空装备类,56,专科 ,三年,3878
848,航空材料精密成型技术,622,航空装备类,36,专科 ,三年,20629
849,无人机应用技术,238,航空装备类,8,专科 ,三年,20882
850,导弹维修,679,航空装备类,45,专科 ,三年,17531
851,汽车制造与装配技术,996,汽车制造类,55,专科 ,三年,4160
852,汽车检测与维修技术,230,汽车制造类,6,专科 ,三年,20908
853,汽车电子技术,1097,汽车制造类,60,专科 ,三年,3068
854,汽车造型技术,624,汽车制造类,38,专科 ,三年,20628
855,汽车试验技术,645,汽车制造类,40,专科 ,三年,20623
856,汽车改装技术,97,汽车制造类,2,专科 ,三年,22056
857,新能源汽车技术,149,汽车制造类,4,专科 ,三年,21311
858,食品生物技术,1067,生物技术类,16,专科 ,三年,3362
859,化工生物技术,212,生物技术类,2,专科 ,三年,20973
860,药品生物技术,154,生物技术类,1,专科 ,三年,21221
861,农业生物技术,302,生物技术类,3,专科 ,三年,20773
862,生物产品检验检疫,358,生物技术类,5,专科 ,三年,20722
863,应用化工技术,1101,化工技术类,17,专科 ,三年,3026
864,石油炼制技术,499,化工技术类,11,专科 ,三年,20656
865,石油化工技术,404,化工技术类,9,专科 ,三年,20693
866,高分子合成技术,316,化工技术类,4,专科 ,三年,20763
867,精细化工技术,367,化工技术类,6,专科 ,三年,20715
868,海洋化工技术,368,化工技术类,7,专科 ,三年,20715
869,工业分析技术,386,化工技术类,8,专科 ,三年,20704
870,化工装备技术,517,化工技术类,12,专科 ,三年,20652
871,化工自动化技术,420,化工技术类,10,专科 ,三年,20684
872,涂装防护技术,590,化工技术类,14,专科 ,三年,20637
873,烟花爆竹技术与管理,578,化工技术类,13,专科 ,三年,20640
874,煤化工技术,604,化工技术类,15,专科 ,三年,20634
875,高分子材料加工技术,895,轻化工类,24,专科 ,三年,5781
876,制浆造纸技术,969,轻化工类,26,专科 ,三年,4508
877,香料香精工艺,880,轻化工类,23,专科 ,三年,6184
878,表面精饰工艺,987,轻化工类,27,专科 ,三年,4294
879,家具设计与制造,750,轻化工类,21,专科 ,三年,11189
880,化妆品技术,306,轻化工类,2,专科 ,三年,20771
881,皮革加工技术,615,轻化工类,14,专科 ,三年,20630
882,皮具制作与工艺,625,轻化工类,15,专科 ,三年,20627
883,鞋类设计与工艺,1218,轻化工类,32,专科 ,三年,1888
884,乐器制造与维护,545,轻化工类,8,专科 ,三年,20645
885,陶瓷制造工艺,572,轻化工类,12,专科 ,三年,20641
886,珠宝首饰技术与管理,1288,轻化工类,33,专科 ,三年,114
887,包装工程技术,511,包装类,7,专科 ,三年,20652
888,包装策划与设计,426,包装类,4,专科 ,三年,20681
889,包装设备应用技术,641,包装类,17,专科 ,三年,20623
890,食品包装技术,573,包装类,13,专科 ,三年,20641
891,数字图文信息技术,398,印刷类,3,专科 ,三年,20698
892,印刷设备应用技术,566,印刷类,11,专科 ,三年,20642
893,印刷媒体设计与制作,546,印刷类,9,专科 ,三年,20645
894,印刷媒体技术,460,印刷类,5,专科 ,三年,20667
895,数字印刷技术,547,印刷类,10,专科 ,三年,20645
896,现代纺织技术,960,纺织服装类,25,专科 ,三年,4650
897,丝绸技术,1119,纺织服装类,30,专科 ,三年,2867
898,染整技术,850,纺织服装类,22,专科 ,三年,7155
899,纺织机电技术,646,纺织服装类,19,专科 ,三年,20622
900,纺织品检验与贸易,1087,纺织服装类,29,专科 ,三年,3158
901,纺织品设计,1142,纺织服装类,31,专科 ,三年,2667
902,家用纺织品设计,626,纺织服装类,16,专科 ,三年,20627
903,纺织材料与应用,647,纺织服装类,20,专科 ,三年,20622
904,针织技术与针织服装,1030,纺织服装类,28,专科 ,三年,3748
905,服装设计与工艺,242,纺织服装类,1,专科 ,三年,20880
906,皮革服装制作与工艺,642,纺织服装类,18,专科 ,三年,20623
907,服装陈列与展示设计,485,纺织服装类,6,专科 ,三年,20659
908,食品加工技术,1182,食品工业类,21,专科 ,三年,2363
909,酿酒技术,1215,食品工业类,22,专科 ,三年,1932
910,食品质量与安全,216,食品工业类,1,专科 ,三年,20952
911,食品贮运与营销,1176,食品工业类,20,专科 ,三年,2420
912,食品检测技术,321,食品工业类,5,专科 ,三年,20757
913,食品营养与卫生,280,食品工业类,3,专科 ,三年,20811
914,食品营养与检测,234,食品工业类,2,专科 ,三年,20888
915,中药生产与加工,424,药品制造类,8,专科 ,三年,20681
916,药品生产技术,293,药品制造类,4,专科 ,三年,20791
917,兽药制药技术,605,药品制造类,12,专科 ,三年,20633
918,药品质量与安全,334,药品制造类,6,专科 ,三年,20749
919,制药设备应用技术,461,药品制造类,9,专科 ,三年,20668
920,化学制药技术,1231,药品制造类,23,专科 ,三年,1661
921,生物制药技术,1153,药品制造类,17,专科 ,三年,2603
922,中药制药技术,1167,药品制造类,18,专科 ,三年,2514
923,药物制剂技术,931,药品制造类,14,专科 ,三年,5190
924,药品经营与管理,711,食品药品管理类,13,专科 ,三年,13684
925,药品服务与管理,508,食品药品管理类,10,专科 ,三年,20653
926,保健品开发与管理,1047,食品药品管理类,15,专科 ,三年,3559
927,化妆品经营与管理,338,食品药品管理类,7,专科 ,三年,20746
928,食品药品监督管理,1170,食品药品管理类,19,专科 ,三年,2491
929,粮食工程技术,579,粮食工业类,11,专科 ,三年,20639
930,粮油储藏与检测技术,1136,粮食储检类,16,专科 ,三年,2722
931,铁道机车,133,铁道运输类,2,专科 ,三年,21430
932,铁道车辆,685,铁道运输类,53,专科 ,三年,16670
933,铁道供电技术,277,铁道运输类,11,专科 ,三年,20819
934,铁道工程技术,703,铁道运输类,54,专科 ,三年,14817
935,铁道机械化维修技术,310,铁道运输类,15,专科 ,三年,20767
936,铁道信号自动控制,254,铁道运输类,6,专科 ,三年,20865
937,铁道通信与信息化技术,266,铁道运输类,8,专科 ,三年,20837
938,铁道交通运营管理,719,铁道运输类,55,专科 ,三年,12883
939,铁路物流管理,255,铁道运输类,7,专科 ,三年,20865
940,铁路桥梁与隧道工程技术,342,铁道运输类,19,专科 ,三年,20741
941,高速铁道工程技术,273,铁道运输类,10,专科 ,三年,20823
942,高速铁路客运乘务,192,铁道运输类,3,专科 ,三年,21049
943,动车组检修技术,290,铁道运输类,13,专科 ,三年,20793
944,智能交通技术运用,278,道路运输类,12,专科 ,三年,20816
945,道路桥梁工程技术,268,道路运输类,9,专科 ,三年,20836
946,道路运输与路政管理,375,道路运输类,21,专科 ,三年,20710
947,道路养护与管理,454,道路运输类,32,专科 ,三年,20669
948,公路机械化施工技术,949,道路运输类,61,专科 ,三年,4837
949,工程机械运用技术,381,道路运输类,23,专科 ,三年,20706
950,交通运营管理,735,道路运输类,56,专科 ,三年,11961
951,交通枢纽运营管理,489,道路运输类,35,专科 ,三年,20658
952,汽车运用与维修技术,325,道路运输类,17,专科 ,三年,20753
953,汽车车身维修技术,448,道路运输类,31,专科 ,三年,20672
954,汽车运用安全管理,617,道路运输类,47,专科 ,三年,20629
955,新能源汽车运用与维修,345,道路运输类,20,专科 ,三年,20739
956,航海技术,669,水上运输类,52,专科 ,三年,19253
957,国际邮轮乘务管理,379,水上运输类,22,专科 ,三年,20707
958,船舶电子电气技术,522,水上运输类,39,专科 ,三年,20650
959,船舶检验,1135,水上运输类,66,专科 ,三年,2725
960,港口机械与自动控制,618,水上运输类,48,专科 ,三年,20629
961,港口电气技术,655,水上运输类,50,专科 ,三年,20620
962,港口与航道工程技术,580,水上运输类,44,专科 ,三年,20639
963,港口与航运管理,793,水上运输类,57,专科 ,三年,8874
964,港口物流管理,518,水上运输类,38,专科 ,三年,20651
965,轮机工程技术,1015,水上运输类,62,专科 ,三年,3996
966,水上救捞技术,659,水上运输类,51,专科 ,三年,20619
967,水路运输与海事管理,509,水上运输类,37,专科 ,三年,20653
968,集装箱运输管理,926,水上运输类,60,专科 ,三年,5265
969,民航运输,1095,航空运输类,64,专科 ,三年,3081
970,民航通信技术,402,航空运输类,25,专科 ,三年,20695
971,定翼机驾驶技术,479,航空运输类,34,专科 ,三年,20662
972,直升机驾驶技术,444,航空运输类,29,专科 ,三年,20674
973,空中乘务,199,航空运输类,4,专科 ,三年,21018
974,民航安全技术管理,868,航空运输类,58,专科 ,三年,6646
975,民航空中安全保卫,445,航空运输类,30,专科 ,三年,20674
976,机场运行,390,航空运输类,24,专科 ,三年,20701
977,飞机机电设备维修,326,航空运输类,18,专科 ,三年,20753
978,飞机电子设备维修,441,航空运输类,28,专科 ,三年,20676
979,飞机部件修理,553,航空运输类,41,专科 ,三年,20645
980,航空地面设备维修,567,航空运输类,43,专科 ,三年,20642
981,机场场务技术与管理,554,航空运输类,42,专科 ,三年,20644
982,航空油料,648,航空运输类,49,专科 ,三年,20622
983,航空物流,427,航空运输类,27,专科 ,三年,20680
984,通用航空器维修,582,航空运输类,45,专科 ,三年,20638
985,通用航空航务技术,541,航空运输类,40,专科 ,三年,20647
986,飞机结构修理,606,航空运输类,46,专科 ,三年,20633
987,管道工程技术,1052,管道运输类,63,专科 ,三年,3503
988,管道运输管理,1103,管道运输类,65,专科 ,三年,2989
989,城市轨道交通车辆技术,246,城市轨道交通类,5,专科 ,三年,20875
990,城市轨道交通机电技术,323,城市轨道交通类,16,专科 ,三年,20756
991,城市轨道交通通信信号技术,296,城市轨道交通类,14,专科 ,三年,20779
992,城市轨道交通供配电技术,470,城市轨道交通类,33,专科 ,三年,20665
993,城市轨道交通工程技术,23,城市轨道交通类,1,专科 ,三年,52165
994,城市轨道交通运营管理,907,城市轨道交通类,59,专科 ,三年,5561
995,邮政通信管理,492,邮政类,36,专科 ,三年,20657
996,快递运营管理,425,邮政类,26,专科 ,三年,20681
997,电子信息工程技术,716,电子信息类,30,专科 ,三年,12967
998,应用电子技术,902,电子信息类,33,专科 ,三年,5640
999,微电子技术,1187,电子信息类,39,专科 ,三年,2316
1000,智能产品开发,759,电子信息类,31,专科 ,三年,10788
1001,智能终端技术与应用,159,电子信息类,6,专科 ,三年,21168
1002,智能监控技术应用,311,电子信息类,21,专科 ,三年,20766
1003,汽车智能技术,222,电子信息类,12,专科 ,三年,20926
1004,电子产品质量检测,1070,电子信息类,38,专科 ,三年,3342
1005,电子产品营销与服务,364,电子信息类,25,专科 ,三年,20715
1006,电子电路设计与工艺,303,电子信息类,19,专科 ,三年,20770
1007,电子制造技术与设备,308,电子信息类,20,专科 ,三年,20768
1008,电子测量技术与仪器,974,电子信息类,34,专科 ,三年,4456
1009,电子工艺与管理,1238,电子信息类,40,专科 ,三年,1553
1010,声像工程技术,297,电子信息类,18,专科 ,三年,20775
1011,移动互联应用技术,1268,电子信息类,42,专科 ,三年,514
1012,光电技术应用,294,电子信息类,17,专科 ,三年,20786
1013,光伏工程技术,357,电子信息类,24,专科 ,三年,20721
1014,光电显示技术,388,电子信息类,28,专科 ,三年,20701
1015,物联网应用技术,75,电子信息类,2,专科 ,三年,22525
1016,计算机应用技术,64,计算机类,1,专科 ,三年,23307
1017,计算机网络技术,92,计算机类,3,专科 ,三年,22219
1018,计算机信息管理,834,计算机类,32,专科 ,三年,7604
1019,计算机系统与维护,239,计算机类,15,专科 ,三年,20881
1020,软件技术,688,计算机类,29,专科 ,三年,16279
1021,软件与信息服务,237,计算机类,14,专科 ,三年,20883
1022,动漫制作技术,144,计算机类,5,专科 ,三年,21342
1023,嵌入式技术与应用,284,计算机类,16,专科 ,三年,20799
1024,数字展示技术,331,计算机类,22,专科 ,三年,20751
1025,数字媒体应用技术,142,计算机类,4,专科 ,三年,21352
1026,信息安全与管理,194,计算机类,10,专科 ,三年,21042
1027,移动应用开发,231,计算机类,13,专科 ,三年,20897
1028,云计算技术与应用,188,计算机类,9,专科 ,三年,21059
1029,电子商务技术,174,计算机类,8,专科 ,三年,21086
1030,大数据技术与应用,1264,计算机类,41,专科 ,三年,737
1031,虚拟现实应用技术,1272,计算机类,43,专科 ,三年,348
1032,通信技术,1013,通信类,37,专科 ,三年,4023
1033,移动通信技术,998,通信类,36,专科 ,三年,4151
1034,通信系统运行管理,976,通信类,35,专科 ,三年,4423
1035,通信工程设计与监理,382,通信类,27,专科 ,三年,20707
1036,光通信技术,353,通信类,23,专科 ,三年,20727
1037,物联网工程技术,219,通信类,11,专科 ,三年,20930
1038,电信服务与管理,377,通信类,26,专科 ,三年,20709
1039,临床医学,1,临床医学类,1,专科 ,三年,596646
1040,口腔医学,7,临床医学类,3,专科 ,三年,143980
1041,中医学,4,临床医学类,2,专科 ,三年,236077
1042,中医骨伤,714,临床医学类,31,专科 ,三年,13229
1043,针灸推拿,672,临床医学类,29,专科 ,三年,18827
1044,蒙医学,1021,临床医学类,42,专科 ,三年,3916
1045,藏医学,1062,临床医学类,44,专科 ,三年,3382
1046,维医学,1124,临床医学类,46,专科 ,三年,2834
1047,傣医学,568,临床医学类,23,专科 ,三年,20642
1048,哈医学,393,临床医学类,14,专科 ,三年,20699
1049,朝医学,1295,临床医学类,47,专科 ,三年,92
1050,护理,45,护理类,6,专科 ,三年,25698
1051,助产,833,护理类,37,专科 ,三年,7625
1052,药学,802,药学类,36,专科 ,三年,8692
1053,中药学,195,药学类,7,专科 ,三年,21042
1054,蒙药学,610,药学类,24,专科 ,三年,20632
1055,维药学,1019,药学类,41,专科 ,三年,3929
1056,藏药学,548,药学类,21,专科 ,三年,20645
1057,医学检验技术,845,医学技术类,38,专科 ,三年,7388
1058,医学生物技术,702,医学技术类,30,专科 ,三年,14864
1059,医学影像技术,791,医学技术类,35,专科 ,三年,9153
1060,医学美容技术,251,医学技术类,8,专科 ,三年,20867
1061,口腔医学技术,912,医学技术类,40,专科 ,三年,5431
1062,卫生检验与检疫技术,662,医学技术类,28,专科 ,三年,20414
1063,眼视光技术,757,医学技术类,33,专科 ,三年,10807
1064,放射治疗技术,462,医学技术类,17,专科 ,三年,20667
1065,呼吸治疗技术,1104,医学技术类,45,专科 ,三年,2986
1066,康复治疗技术,786,康复治疗类,34,专科 ,三年,9326
1067,言语听觉康复技术,542,康复治疗类,20,专科 ,三年,20647
1068,中医康复技术,298,康复治疗类,10,专科 ,三年,20774
1069,预防医学,349,公共卫生与卫生管理类,11,专科 ,三年,20733
1070,公共卫生管理,727,公共卫生与卫生管理类,32,专科 ,三年,12520
1071,卫生监督,882,公共卫生与卫生管理类,39,专科 ,三年,6107
1072,卫生信息管理,1029,公共卫生与卫生管理类,43,专科 ,三年,3762
1073,人口与家庭发展服务,649,人口与计划生育类,27,专科 ,三年,20621
1074,生殖健康服务与管理,549,人口与计划生育类,22,专科 ,三年,20645
1075,健康管理,282,健康管理与促进类,9,专科 ,三年,20805
1076,医学营养,25,健康管理与促进类,5,专科 ,三年,49149
1077,中医养生保健,361,健康管理与促进类,12,专科 ,三年,20717
1078,心理咨询,17,健康管理与促进类,4,专科 ,三年,58125
1079,医疗设备应用技术,376,健康管理与促进类,13,专科 ,三年,20709
1080,精密医疗器械技术,463,健康管理与促进类,18,专科 ,三年,20667
1081,医疗器械维护与管理,449,健康管理与促进类,16,专科 ,三年,20672
1082,康复工程技术,519,健康管理与促进类,19,专科 ,三年,20651
1083,康复辅助器具技术,638,健康管理与促进类,26,专科 ,三年,20624
1084,假肢与矫形器技术,627,健康管理与促进类,25,专科 ,三年,20627
1085,老年保健与管理,418,健康管理与促进类,15,专科 ,三年,20684
1086,医疗器械经营与管理,1302,健康管理与促进类,48,专科 ,三年,71
1087,财政,973,财政税务类,38,专科 ,三年,4470
1088,税务,1173,财政税务类,46,专科 ,三年,2442
1089,资产评估与管理,1076,财政税务类,41,专科 ,三年,3260
1090,政府采购管理,413,财政税务类,12,专科 ,三年,20688
1091,金融管理,140,金融类,2,专科 ,三年,21369
1092,国际金融,863,金融类,33,专科 ,三年,6774
1093,证券与期货,1105,金融类,42,专科 ,三年,2987
1094,信托与租赁,502,金融类,19,专科 ,三年,20655
1095,保险,371,金融类,9,专科 ,三年,20712
1096,投资与理财,1004,金融类,39,专科 ,三年,4087
1097,信用管理,434,金融类,14,专科 ,三年,20679
1098,农村金融,450,金融类,16,专科 ,三年,20673
1099,互联网金融,249,金融类,4,专科 ,三年,20876
1100,财务管理,812,财务会计类,32,专科 ,三年,8291
1101,会计,83,财务会计类,1,专科 ,三年,22340
1102,审计,244,财务会计类,3,专科 ,三年,20877
1103,会计信息管理,318,财务会计类,6,专科 ,三年,20760
1104,信息统计与分析,350,统计类,7,专科 ,三年,20734
1105,统计与会计核算,313,统计类,5,专科 ,三年,20764
1106,国际贸易实务,865,经济贸易类,35,专科 ,三年,6722
1107,国际经济与贸易,681,经济贸易类,29,专科 ,三年,17079
1108,国际商务,1158,经济贸易类,44,专科 ,三年,2565
1109,服务外包,591,经济贸易类,25,专科 ,三年,20638
1110,经济信息管理,1114,经济贸易类,43,专科 ,三年,2902
1111,报关与国际货运,1172,经济贸易类,45,专科 ,三年,2462
1112,商务经纪与代理,878,经济贸易类,36,专科 ,三年,6207
1113,国际文化贸易,583,经济贸易类,24,专科 ,三年,20640
1114,工商企业管理,936,工商管理类,37,专科 ,三年,5106
1115,商务管理,1050,工商管理类,40,专科 ,三年,3511
1116,商检技术,864,工商管理类,34,专科 ,三年,6755
1117,连锁经营管理,1216,工商管理类,47,专科 ,三年,1928
1118,市场管理与服务,458,工商管理类,17,专科 ,三年,20669
1119,品牌代理经营,595,工商管理类,27,专科 ,三年,20636
1120,中小企业创业与经营,1294,工商管理类,49,专科 ,三年,95
1121,市场营销,795,市场营销类,31,专科 ,三年,8843
1122,汽车营销与服务,416,市场营销类,13,专科 ,三年,20687
1123,广告策划与营销,407,市场营销类,11,专科 ,三年,20692
1124,茶艺与茶叶营销,526,市场营销类,21,专科 ,三年,20650
1125,电子商务,677,电子商务类,28,专科 ,三年,18020
1126,移动商务,405,电子商务类,10,专科 ,三年,20693
1127,网络营销,365,电子商务类,8,专科 ,三年,20716
1128,商务数据分析与应用,1289,电子商务类,48,专科 ,三年,115
1129,物流工程技术,483,物流类,18,专科 ,三年,20661
1130,物流信息技术,447,物流类,15,专科 ,三年,20674
1131,物流管理,693,物流类,30,专科 ,三年,15612
1132,物流金融管理,510,物流类,20,专科 ,三年,20655
1133,工程物流管理,536,物流类,22,专科 ,三年,20649
1134,冷链物流技术与管理,592,物流类,26,专科 ,三年,20637
1135,采购与供应管理,537,物流类,23,专科 ,三年,20650
1136,旅游管理,810,旅游类,7,专科 ,三年,8405
1137,导游,1038,旅游类,10,专科 ,三年,3682
1138,旅行社经营管理,916,旅游类,9,专科 ,三年,5357
1139,景区开发与管理,1207,旅游类,12,专科 ,三年,2058
1140,酒店管理,743,旅游类,6,专科 ,三年,11441
1141,休闲服务与管理,343,旅游类,3,专科 ,三年,20742
1142,餐饮管理,366,餐饮类,5,专科 ,三年,20716
1143,烹调工艺与营养,285,餐饮类,1,专科 ,三年,20800
1144,营养配餐,341,餐饮类,2,专科 ,三年,20743
1145,中西面点工艺,360,餐饮类,4,专科 ,三年,20719
1146,西餐工艺,867,餐饮类,8,专科 ,三年,6649
1147,会展策划与管理,1125,会展类,11,专科 ,三年,2822
1148,艺术设计,836,艺术设计类,48,专科 ,三年,7581
1149,视觉传播设计与制作,153,艺术设计类,2,专科 ,三年,21222
1150,广告设计与制作,847,艺术设计类,49,专科 ,三年,7248
1151,数字媒体艺术设计,170,艺术设计类,3,专科 ,三年,21104
1152,产品艺术设计,291,艺术设计类,7,专科 ,三年,20793
1153,家具艺术设计,421,艺术设计类,17,专科 ,三年,20683
1154,皮具艺术设计,555,艺术设计类,33,专科 ,三年,20645
1155,服装与服饰设计,228,艺术设计类,5,专科 ,三年,20919
1156,室内艺术设计,207,艺术设计类,4,专科 ,三年,21001
1157,展示艺术设计,408,艺术设计类,16,专科 ,三年,20692
1158,环境艺术设计,986,艺术设计类,50,专科 ,三年,4301
1159,公共艺术设计,438,艺术设计类,18,专科 ,三年,20678
1160,雕刻艺术设计,471,艺术设计类,21,专科 ,三年,20666
1161,包装艺术设计,446,艺术设计类,19,专科 ,三年,20675
1162,陶瓷设计与工艺,484,艺术设计类,24,专科 ,三年,20661
1163,刺绣设计与工艺,512,艺术设计类,28,专科 ,三年,20654
1164,玉器设计与工艺,544,艺术设计类,31,专科 ,三年,20647
1165,首饰设计与工艺,372,艺术设计类,12,专科 ,三年,20712
1166,工艺美术品设计,304,艺术设计类,9,专科 ,三年,20771
1167,动漫设计,146,艺术设计类,1,专科 ,三年,21325
1168,游戏设计,271,艺术设计类,6,专科 ,三年,20830
1169,人物形象设计,821,艺术设计类,46,专科 ,三年,7897
1170,美容美体艺术,399,艺术设计类,15,专科 ,三年,20699
1171,摄影与摄像艺术,299,艺术设计类,8,专科 ,三年,20776
1172,美术,1126,艺术设计类,53,专科 ,三年,2821
1173,表演艺术,1212,表演艺术类,56,专科 ,三年,1968
1174,戏剧影视表演,340,表演艺术类,10,专科 ,三年,20744
1175,歌舞表演,520,表演艺术类,29,专科 ,三年,20652
1176,戏曲表演,1265,表演艺术类,58,专科 ,三年,733
1177,曲艺表演,631,表演艺术类,38,专科 ,三年,20626
1178,音乐剧表演,493,表演艺术类,26,专科 ,三年,20658
1179,舞蹈表演,800,表演艺术类,45,专科 ,三年,8722
1180,国际标准舞,550,表演艺术类,32,专科 ,三年,20646
1181,服装表演,1009,表演艺术类,51,专科 ,三年,4055
1182,模特与礼仪,596,表演艺术类,36,专科 ,三年,20636
1183,现代流行音乐,394,表演艺术类,14,专科 ,三年,20700
1184,作曲技术,1263,表演艺术类,57,专科 ,三年,958
1185,音乐制作,527,表演艺术类,30,专科 ,三年,20650
1186,钢琴伴奏,556,表演艺术类,34,专科 ,三年,20645
1187,钢琴调律,1191,表演艺术类,55,专科 ,三年,2288
1188,舞蹈编导,477,表演艺术类,23,专科 ,三年,20664
1189,戏曲导演,607,表演艺术类,37,专科 ,三年,20634
1190,舞台艺术设计与制作,557,表演艺术类,35,专科 ,三年,20645
1191,音乐表演,1138,表演艺术类,54,专科 ,三年,2714
1192,音乐传播,1301,表演艺术类,59,专科 ,三年,72
1193,民族表演艺术,639,民族文化类,40,专科 ,三年,20625
1194,民族美术,643,民族文化类,41,专科 ,三年,20624
1195,民族服装与服饰,650,民族文化类,42,专科 ,三年,20622
1196,民族民居装饰,661,民族文化类,44,专科 ,三年,20615
1197,民族传统技艺,656,民族文化类,43,专科 ,三年,20621
1198,少数民族古籍修复,632,民族文化类,39,专科 ,三年,20626
1199,中国少数民族语言文化,1111,民族文化类,52,专科 ,三年,2957
1200,文化创意与策划,380,文化服务类,13,专科 ,三年,20709
1201,文化市场经营管理,473,文化服务类,22,专科 ,三年,20665
1202,公共文化服务与管理,500,文化服务类,27,专科 ,三年,20656
1203,文物修复与保护,351,文化服务类,11,专科 ,三年,20733
1204,考古探掘技术,469,文化服务类,20,专科 ,三年,20668
1205,文物博物馆服务与管理,486,文化服务类,25,专科 ,三年,20660
1206,图书档案管理,829,文化服务类,47,专科 ,三年,7721
1207,图文信息处理,220,新闻出版类,4,专科 ,三年,20932
1208,网络新闻与传播,165,新闻出版类,2,专科 ,三年,21136
1209,版面编辑与校对,1102,新闻出版类,20,专科 ,三年,3023
1210,出版商务,348,新闻出版类,10,专科 ,三年,20737
1211,出版与电脑编辑技术,952,新闻出版类,18,专科 ,三年,4777
1212,出版信息管理,1155,新闻出版类,22,专科 ,三年,2597
1213,数字出版,373,新闻出版类,11,专科 ,三年,20712
1214,数字媒体设备管理,319,新闻出版类,8,专科 ,三年,20759
1215,新闻采编与制作,1143,广播影视类,21,专科 ,三年,2655
1216,播音与主持,163,广播影视类,1,专科 ,三年,21155
1217,广播影视节目制作,247,广播影视类,5,专科 ,三年,20876
1218,广播电视技术,896,广播影视类,16,专科 ,三年,5705
1219,影视制片管理,346,广播影视类,9,专科 ,三年,20736
1220,影视编导,213,广播影视类,3,专科 ,三年,20971
1221,影视美术,411,广播影视类,12,专科 ,三年,20690
1222,影视多媒体技术,733,广播影视类,15,专科 ,三年,12102
1223,影视动画,982,广播影视类,19,专科 ,三年,4358
1224,影视照明技术与艺术,501,广播影视类,14,专科 ,三年,20655
1225,音像技术,1165,广播影视类,23,专科 ,三年,2536
1226,录音技术与艺术,428,广播影视类,13,专科 ,三年,20680
1227,摄影摄像技术,930,广播影视类,17,专科 ,三年,5191
1228,传播与策划,257,广播影视类,6,专科 ,三年,20862
1229,媒体营销,300,广播影视类,7,专科 ,三年,20776
1230,早期教育,187,教育类,3,专科 ,三年,21063
1231,学前教育,730,教育类,15,专科 ,三年,12320
1232,小学教育,107,教育类,1,专科 ,三年,21828
1233,语文教育,160,教育类,2,专科 ,三年,21163
1234,数学教育,965,教育类,24,专科 ,三年,4557
1235,英语教育,977,教育类,25,专科 ,三年,4421
1236,物理教育,1205,教育类,42,专科 ,三年,2068
1237,化学教育,1199,教育类,41,专科 ,三年,2109
1238,生物教育,1249,教育类,47,专科 ,三年,1367
1239,历史教育,1195,教育类,40,专科 ,三年,2252
1240,地理教育,954,教育类,23,专科 ,三年,4731
1241,音乐教育,915,教育类,22,专科 ,三年,5393
1242,美术教育,1112,教育类,34,专科 ,三年,2940
1243,体育教育,869,教育类,20,专科 ,三年,6598
1244,思想政治教育,1002,教育类,27,专科 ,三年,4115
1245,舞蹈教育,1094,教育类,33,专科 ,三年,3084
1246,艺术教育,1083,教育类,32,专科 ,三年,3212
1247,特殊教育,811,教育类,16,专科 ,三年,8387
1248,科学教育,1061,教育类,30,专科 ,三年,3394
1249,现代教育技术,1210,教育类,44,专科 ,三年,1973
1250,心理健康教育,320,教育类,4,专科 ,三年,20759
1251,汉语,988,语言类,26,专科 ,三年,4293
1252,商务英语,1018,语言类,29,专科 ,三年,3938
1253,应用英语,903,语言类,21,专科 ,三年,5618
1254,旅游英语,1222,语言类,46,专科 ,三年,1788
1255,商务日语,1017,语言类,28,专科 ,三年,3957
1256,应用日语,1116,语言类,35,专科 ,三年,2898
1257,旅游日语,1162,语言类,38,专科 ,三年,2551
1258,应用韩语,1174,语言类,39,专科 ,三年,2443
1259,应用俄语,1206,语言类,43,专科 ,三年,2066
1260,应用法语,830,语言类,18,专科 ,三年,7722
1261,应用德语,825,语言类,17,专科 ,三年,7839
1262,应用西班牙语,846,语言类,19,专科 ,三年,7377
1263,应用越南语,1214,语言类,45,专科 ,三年,1955
1264,应用泰语,608,语言类,14,专科 ,三年,20635
1265,应用阿拉伯语,1082,语言类,31,专科 ,三年,3213
1266,应用外语,513,语言类,11,专科 ,三年,20654
1267,文秘,1130,文秘类,37,专科 ,三年,2786
1268,文秘速录,494,文秘类,10,专科 ,三年,20658
1269,运动训练,1123,体育类,36,专科 ,三年,2845
1270,运动防护,435,体育类,6,专科 ,三年,20679
1271,社会体育,1258,体育类,49,专科 ,三年,1173
1272,休闲体育,344,体育类,5,专科 ,三年,20742
1273,高尔夫球运动与管理,584,体育类,12,专科 ,三年,20640
1274,民族传统体育,1252,体育类,48,专科 ,三年,1295
1275,体育艺术表演,593,体育类,13,专科 ,三年,20637
1276,体育运营与管理,443,体育类,7,专科 ,三年,20677
1277,体育保健与康复,474,体育类,8,专科 ,三年,20665
1278,健身指导与管理,475,体育类,9,专科 ,三年,20665
1279,电子竞技运动与管理,1275,体育类,50,专科 ,三年,302
1280,治安管理,944,公安管理类,22,专科 ,三年,4863
1281,交通管理,708,公安管理类,12,专科 ,三年,14273
1282,信息网络安全监察,722,公安管理类,13,专科 ,三年,12771
1283,防火管理,1179,公安管理类,36,专科 ,三年,2407
1284,边防检查,1068,公安管理类,30,专科 ,三年,3360
1285,边境管理,1150,公安管理类,35,专科 ,三年,2625
1286,特警,182,公安管理类,1,专科 ,三年,21077
1287,警察管理,666,公安管理类,10,专科 ,三年,19799
1288,公共安全管理,883,公安管理类,19,专科 ,三年,6091
1289,森林消防,1194,公安管理类,37,专科 ,三年,2268
1290,部队后勤管理,893,公安管理类,20,专科 ,三年,5784
1291,部队政治工作,1001,公安管理类,28,专科 ,三年,4128
1292,警察指挥与战术,1133,公安指挥类,34,专科 ,三年,2745
1293,边防指挥,1120,公安指挥类,33,专科 ,三年,2857
1294,通信指挥,455,公安指挥类,5,专科 ,三年,20669
1295,消防指挥,1200,公安指挥类,39,专科 ,三年,2105
1296,参谋业务,984,公安指挥类,26,专科 ,三年,4329
1297,抢险救援,1235,公安指挥类,40,专科 ,三年,1593
1298,船艇指挥,1298,公安指挥类,42,专科 ,三年,84
1299,刑事科学技术,223,公安技术类,2,专科 ,三年,20927
1300,警犬技术,959,公安技术类,24,专科 ,三年,4669
1301,国内安全保卫,464,侦查类,6,专科 ,三年,20667
1302,经济犯罪侦查,818,侦查类,16,专科 ,三年,8111
1303,禁毒,947,侦查类,23,专科 ,三年,4850
1304,刑事侦查,1280,侦查类,41,专科 ,三年,186
1305,司法助理,927,法律实务类,21,专科 ,三年,5215
1306,法律文秘,994,法律实务类,27,专科 ,三年,4195
1307,法律事务,240,法律实务类,3,专科 ,三年,20882
1308,检察事务,439,法律实务类,4,专科 ,三年,20677
1309,刑事执行,1196,法律执行类,38,专科 ,三年,2209
1310,民事执行,1073,法律执行类,31,专科 ,三年,3315
1311,行政执行,674,法律执行类,11,专科 ,三年,18515
1312,司法警务,963,法律执行类,25,专科 ,三年,4612
1313,社区矫正,597,法律执行类,9,专科 ,三年,20635
1314,刑事侦查技术,768,司法技术类,14,专科 ,三年,10126
1315,安全防范技术,1106,司法技术类,32,专科 ,三年,2983
1316,司法信息技术,873,司法技术类,18,专科 ,三年,6457
1317,司法鉴定技术,842,司法技术类,17,专科 ,三年,7480
1318,司法信息安全,1037,司法技术类,29,专科 ,三年,3684
1319,罪犯心理测量与矫正技术,809,司法技术类,15,专科 ,三年,8413
1320,戒毒矫治技术,495,司法技术类,7,专科 ,三年,20657
